SERVICE_NAME,ADDRESS,STREET_SUBURB
Mercy Place East Melbourne,22 Verona Lane East Melbourne 3002 VIC Australia,East Melbourne
Royal Freemasons Coppin Centre,45 Moubray Street Melbourne 3004 VIC Australia,Melbourne
"Jewish Care : Residential Homes, Windsor",619 St Kilda Road Melbourne 3004 VIC Australia,Melbourne
James Barker House,64 Buckley Street Footscray 3011 VIC Australia,Footscray
Royal Freemasons Footscray Aged Care,25 Mephan Street Footscray 3011 VIC Australia,Footscray
Baptcare Westhaven Community,50 Pickett Street Footscray 3011 VIC Australia,Footscray
Doutta Galla Footscray Aged Care Facility,48 Geelong Road Footscray 3011 VIC Australia,Footscray
Uniting AgeWell Kingsville Community,319 Geelong Road Kingsville 3012 VIC Australia,Kingsville
Arcare Maidstone,31 Hampstead Road Maidstone 3012 VIC Australia,Maidstone
Doutta Galla Yarraville Village Aged Care Facility,34 A Somerville Road Yarraville 3013 VIC Australia,Yarraville
Yarra West Aged Care,44 Stephen Street Yarraville 3013 VIC Australia,Yarraville
Westgate Aged Care Facility,4 William Street Newport 3015 VIC Australia,Newport
Mercy Place Newport,288 Melbourne Road Newport 3015 VIC Australia,Newport
Wintringham Williamstown Hostel,2-20 Wintringham Road Williamstown North 3016 VIC Australia,Williamstown North
Doutta Galla Woornack Aged Care Facility,6-8 Killara Street Sunshine West 3020 VIC Australia,Sunshine West
Bupa Sunshine,74 Devonshire Road Sunshine 3020 VIC Australia,Sunshine
Benlynne Park PNH,2 Killara Street Sunshine West 3020 VIC Australia,Sunshine West
BlueCross Western Gardens,40 Anderson Road Sunshine 3020 VIC Australia,Sunshine
VMCH St Bernadette's,17 Park Drive Sunshine North 3020 VIC Australia,Sunshine North
Cumberland Manor,25-27 Wiltshire Street North Sunshine 3020 VIC Australia,North Sunshine
Fronditha Care St. Albans,181 Furlong Road St Albans 3021 VIC Australia,St Albans
Doutta Galla Grantham Green Aged Care Facility,28-32 Magnolia Street St Albans 3021 VIC Australia,St Albans
Westside Lodge Nursing Home,12 Santiago Street St Albans 3021 VIC Australia,St Albans
St Andrews Hostel,98 Forrest Street Ardeer 3022 VIC Australia,Ardeer
Estia Health Ardeer,30 North Street Ardeer 3022 VIC Australia,Ardeer
Mekong Cairnlea Vietnamese Aged Care,133 Cairnlea Drive Cairnlea 3023 VIC Australia,Cairnlea
Arcare Burnside,2 Nicol Avenue Burnside 3023 VIC Australia,Burnside
Uniting AgeWell Manor Lakes Community,15 Buffalo Crescent Wyndham Vale 3024 VIC Australia,Wyndham Vale
Marina Residential Aged Care Service,385 Blackshaws Road Altona North 3025 VIC Australia,Altona North
Florence Aged Care Facility,375-379 Mason Street Altona North 3025 VIC Australia,Altona North
Opal Hobsons Bay,28-30 Rymill Court Altona North 3025 VIC Australia,Altona North
Benetas St George's,13-19 Howard Street Altona Meadows 3028 VIC Australia,Altona Meadows
Estia Health Altona Meadows,297 Queen Street Altona Meadows 3028 VIC Australia,Altona Meadows
mecwacare John Atchison Centre,312-318 Derrimut Road Hoppers Crossing 3029 VIC Australia,Hoppers Crossing
Manor Court Werribee Aged Care,5 Hogan Grove Werribee 3030 VIC Australia,Werribee
Glendale Aged Care,1 Glendale Court Werribee 3030 VIC Australia,Werribee
Mercy Place Wyndham,39 Deutgam Street Werribee 3030 VIC Australia,Werribee
St Vincent's Care Services Werribee,240 Hoppers Lane Werribee 3030 VIC Australia,Werribee
Estia Health Werribee,8 Russell Street Werribee 3030 VIC Australia,Werribee
Homestyle Point Cook Manor,9 Hewett Drive Point Cook 3030 VIC Australia,Point Cook
Baptcare Wyndham Lodge Community,120 Synnot Street Werribee 3030 VIC Australia,Werribee
Royal Freemasons Gregory Lodge,2-58 Newmarket Street Flemington 3031 VIC Australia,Flemington
Doutta Galla Lynch's Bridge Aged Care Facility,44 Market Street Kensington 3031 VIC Australia,Kensington
Wintringham McLean Lodge Hostel, Flemington 3031 VIC Australia,Flemington
Victorian Elderly Chinese Hostel,77 Hurtle Street Ascot Vale 3032 VIC Australia,Ascot Vale
Cyril Jewell House,68 Hassett Crescent Keilor East 3033 VIC Australia,Keilor East
Mekong Vietnamese Aged Care,8 Trott Place Keilor East 3033 VIC Australia,Keilor East
Holloway Aged Care Services,1 Rotary Drive Keilor East 3033 VIC Australia,Keilor East
Edenvale Manor Aged Care Facility,188a Sterling Drive Keilor East 3033 VIC Australia,Keilor East
Doutta Galla Avondale Heights Aged Care Facility,120 North Road Avondale Heights 3034 VIC Australia,Avondale Heights
Embracia Moonee Valley,76-86 North Road Avondale Heights 3034 VIC Australia,Avondale Heights
BlueCross Riverlea,57 Intervale Drive Avondale Heights 3034 VIC Australia,Avondale Heights
Wintringham Ron Conn Nursing Home,33 Westminster Drive Avondale Heights 3034 VIC Australia,Avondale Heights
Kalyna Care,344 Taylors Road Delahey 3037 VIC Australia,Delahey
Royal Freemasons Springtime-Sydenham,41 Manchester Drive Sydenham 3037 VIC Australia,Sydenham
Water Gardens,352 Sydenham Road Sydenham 3037 VIC Australia,Sydenham
Arcare Hillside,50 Community Hub Sydenham 3037 VIC Australia,Sydenham
Arcare Sydenham,31-51 Trickey Avenue Sydenham 3037 VIC Australia,Sydenham
Rosary Home,138 Odessa Avenue Keilor Downs 3038 VIC Australia,Keilor Downs
Estia Health Keilor,2-6 Copernicus Way Keilor Downs 3038 VIC Australia,Keilor Downs
Doutta Galla Queens Park Aged Care Facility,13 The Strand Moonee Ponds 3039 VIC Australia,Moonee Ponds
CraigCare Moonee Ponds,88 Holmes Road Moonee Ponds 3039 VIC Australia,Moonee Ponds
Menarock LIFE Essendon,10 Fletcher Street Essendon 3040 VIC Australia,Essendon
Trevi Court Aged Care,95 Bulla Road Essendon 3040 VIC Australia,Essendon
Churches of Christ Care Arcadia Aged Care Service,120 Mccracken Street Essendon 3040 VIC Australia,Essendon
North Western District Private Nursing Home,14 South Circular Road Gladstone Park 3043 VIC Australia,Gladstone Park
Dorothy Impey Home,317a O'hea Street Pascoe Vale 3044 VIC Australia,Pascoe Vale
Edith Bendall Lodge,11 Park Street Pascoe Vale 3044 VIC Australia,Pascoe Vale
CraigCare Pascoe Vale,1a Virginia Street Pascoe Vale 3044 VIC Australia,Pascoe Vale
Glenlyn Aged Care Facility,34 Finchley Avenue Glenroy 3046 VIC Australia,Glenroy
BlueCross Monterey,858 Pascoe Vale Road Glenroy 3046 VIC Australia,Glenroy
Villa Del Sole,73 William Street Glenroy 3046 VIC Australia,Glenroy
Benetas Colton Close,1-19 York Street Glenroy 3046 VIC Australia,Glenroy
BlueCross Glengowrie,54 Box Forest Road Glenroy 3046 VIC Australia,Glenroy
CraigCare Plumpton Villa,7 Lewis Street Glenroy 3046 VIC Australia,Glenroy
Ottoman Village Aged Care,66 Coleraine Street Broadmeadows 3047 VIC Australia,Broadmeadows
McLellan House Hostel,2 Robinson Street Jacana 3047 VIC Australia,Jacana
Opal Roxburgh,90 Lightwood Crescent Meadow Heights 3048 VIC Australia,Meadow Heights
Estia Health Coolaroo,15 Mladen Court Coolaroo 3048 VIC Australia,Coolaroo
Baptcare Brookview Community,130 Dimboola Road Westmeadows 3049 VIC Australia,Westmeadows
mecwacare Vincent House,125-135 Kenny Street Westmeadows 3049 VIC Australia,Westmeadows
Elderly Chinese Home,125-129 Manningham Street Parkville 3052 VIC Australia,Parkville
Mercy Place Parkville,1 William Street Parkville 3052 VIC Australia,Parkville
Australian Unity Rathdowne Place Aged Care,497-513 Rathdowne Street Carlton 3053 VIC Australia,Carlton
Benetas Gladswood Lodge,15 Waxman Parade Brunswick West 3055 VIC Australia,Brunswick West
Aurrum Brunswick,17 Egginton Street Brunswick West 3055 VIC Australia,Brunswick West
Hope Aged Care,34 Lux Way Brunswick 3056 VIC Australia,Brunswick
Boyne Russell House,184-186 Victoria Street Brunswick 3056 VIC Australia,Brunswick
Northern Gardens Aged Care,867 Sydney Road Brunswick 3056 VIC Australia,Brunswick
Bupa Coburg,24 Sutherland Street Coburg 3058 VIC Australia,Coburg
Wintringham Gilgunya Village,23 Harding Street Coburg 3058 VIC Australia,Coburg
Anzac Lodge Nursing Home,2-12 Anzac Avenue Coburg North 3058 VIC Australia,Coburg North
Corpus Christi Community Greenvale Incorporated,855 Mickleham Road Greenvale 3059 VIC Australia,Greenvale
St Basil's Homes for the Aged in Victoria,24 Lorne Street Fawkner 3060 VIC Australia,Fawkner
Regis Fawkner,101f Major Road Fawkner 3060 VIC Australia,Fawkner
Moran Roxburgh Park,3 Wedgewood Road Roxburgh Park 3064 VIC Australia,Roxburgh Park
Arcare Craigieburn,251-259 Waterview Boulevard Craigieburn 3064 VIC Australia,Craigieburn
Cambridge House,3 Cambridge Street Collingwood 3066 VIC Australia,Collingwood
Mercy Place Abbotsford,2 Clarke Street Abbotsford 3067 VIC Australia,Abbotsford
BSL Aged Care - Clifton Hill,1 South Terrace Clifton Hill 3068 VIC Australia,Clifton Hill
Clifton Views,217-241 Queens Parade Fitzroy North 3068 VIC Australia,Fitzroy North
BlueCross Westgarth,121-127 Westgarth Street Northcote 3070 VIC Australia,Northcote
Little Sisters of the Poor St Joseph's Home,112b St Georges Road Northcote 3070 VIC Australia,Northcote
BlueCross Ruckers Hill,14-24 Pearl Street Northcote 3070 VIC Australia,Northcote
Medina Manor Aged Care,200a Smith Street Thornbury 3071 VIC Australia,Thornbury
Fronditha Care Thornbury,335 Station Street Thornbury 3071 VIC Australia,Thornbury
St Paul's Hostel for the Elderly,15-17 Strettle Street Thornbury 3071 VIC Australia,Thornbury
BlueCross Hilltop,10 Hotham Street Preston 3072 VIC Australia,Preston
The Ashley Aged Care,17-21 Ashley Street Reservoir 3073 VIC Australia,Reservoir
Arcare Reservoir,2 Gremel Road Reservoir 3073 VIC Australia,Reservoir
Twin Parks Private Hostel,47 Blake Street Reservoir 3073 VIC Australia,Reservoir
Mayflower Reservoir,56 Elliot Street Reservoir 3073 VIC Australia,Reservoir
Aurrum Reservoir,1 Aberdeen Street Reservoir 3073 VIC Australia,Reservoir
Embracia Reservoir,65 Glasgow Avenue Reservoir 3073 VIC Australia,Reservoir
Mercy Place Keon Park,15 Tunaley Parade Keon Park 3073 VIC Australia,Keon Park
Twin Parks Aged Care Centre,33-45 Blake Street Reservoir 3073 VIC Australia,Reservoir
Bupa Thomastown,89 Dalton Road Thomastown 3074 VIC Australia,Thomastown
Baptcare Wattle Grove Community,51 Pinetree Crescent Lalor 3075 VIC Australia,Lalor
Estia Health Epping Vic,30 Epping Road Epping 3076 VIC Australia,Epping
Epping Gardens,25 Willandra Drive Epping 3076 VIC Australia,Epping
Opal Meadowglen,202 Mcdonalds Road Epping 3076 VIC Australia,Epping
Grace Of Mary Greek Cypriot Elderly Hostel,190-200 Mcdonalds Road Epping 3076 VIC Australia,Epping
Homestyle Green Gables,15 Coulstock Street Epping 3076 VIC Australia,Epping
Arcare Epping,7 Civic Drive Epping 3076 VIC Australia,Epping
Alphington Aged Care,9 Old Heidelberg Road Alphington 3078 VIC Australia,Alphington
"Vasey RSL Care, Ivanhoe",61 Edwin Street Ivanhoe 3079 VIC Australia,Ivanhoe
BlueCross Ivanhoe,250-260 Waterdale Road Ivanhoe 3079 VIC Australia,Ivanhoe
Estia Health Heidelberg,413-415 Waterdale Road Heidelberg West 3081 VIC Australia,Heidelberg West
BlueCross The Boulevard,70 Heaths Court Mill Park 3082 VIC Australia,Mill Park
Bethel Aged Care,600 Plenty Road Mill Park 3082 VIC Australia,Mill Park
Merv Irvine Nursing Home,1231 Plenty Road Bundoora 3083 VIC Australia,Bundoora
"Vasey RSL Care, Bundoora",5-7 Tower Avenue Bundoora 3083 VIC Australia,Bundoora
VMCH Bundoora,1424 Plenty Road Bundoora 3083 VIC Australia,Bundoora
Rosanna Views Residential Aged Care Facility,269-271 Lower Plenty Road Rosanna 3084 VIC Australia,Rosanna
Benetas The Views at Heidelberg,2-6 Lower Plenty Road Heidelberg 3084 VIC Australia,Heidelberg
Assisi Aged Care,230 Rosanna Road Rosanna 3084 VIC Australia,Rosanna
BlueCross Clevedon Terrace,405 Upper Heidelberg Road Heidelberg 3084 VIC Australia,Heidelberg
Regis Macleod,120 Somers Avenue Macleod 3085 VIC Australia,Macleod
Baptcare Strathalan Community,50 Braidhill Road Macleod 3085 VIC Australia,Macleod
Liscombe House,339 St Helena Road Saint Helena 3088 VIC Australia,Saint Helena
Trinity Manor Greensborough,226-230 Elder Street Greensborough 3088 VIC Australia,Greensborough
Bupa Greensborough,264 Diamond Creek Road Greensborough 3088 VIC Australia,Greensborough
Grace Villa Aged Care,25-33 Grimshaw Street Greensborough 3088 VIC Australia,Greensborough
Deloraine Private Nursing Home,18 Adeline Street Greensborough 3088 VIC Australia,Greensborough
Kerala Manor,203 Broadgully Road Diamond Creek 3089 VIC Australia,Diamond Creek
Aurrum Plenty,321-327 Diamond Creek Road Plenty 3090 VIC Australia,Plenty
Lower Plenty Garden Views,390 Main Road Lower Plenty 3093 VIC Australia,Lower Plenty
St Vincent's Care Services Eltham,43 Diamond Street Eltham 3095 VIC Australia,Eltham
Estia Health Wattle Glen,45 Silvan Road Wattle Glen 3096 VIC Australia,Wattle Glen
Kew Gardens Aged Care,22-24 Gellibrand Street Kew 3101 VIC Australia,Kew
BlueCross Highgrove,79 Stevenson Street Kew 3101 VIC Australia,Kew
Prague House,253 Cotham Road Kew 3101 VIC Australia,Kew
Baptcare Karana Community,55 Walpole Street Kew 3101 VIC Australia,Kew
Mary Guthrie House Nursing Home,1 Yarra Boulevard Kew 3101 VIC Australia,Kew
VMCH St Catherine's,1 Clayton Road Balwyn 3103 VIC Australia,Balwyn
VMCH Justin Villa,2 Caravan Street Balwyn 3103 VIC Australia,Balwyn
Trinity Manor,8-14 Pretoria Street Balwyn 3103 VIC Australia,Balwyn
Eva Tilley Memorial Home,1100 Burke Road Balwyn North 3104 VIC Australia,Balwyn North
Newmans on the Park Aged Care,33 Newmans Road Templestowe 3106 VIC Australia,Templestowe
Charlesbrook Aged Care,1-11 Innisfallen Avenue Templestowe 3106 VIC Australia,Templestowe
Arcare Templestowe,75 King Street Templestowe 3106 VIC Australia,Templestowe
Menarock LIFE Templestowe (Willowbrae),81-85 Porter Street Templestowe 3106 VIC Australia,Templestowe
Emerald Terrace Aged Care,1 Chivers Road Templestowe 3106 VIC Australia,Templestowe
Bupa Templestowe,222-228 Serpells Road Templestowe 3106 VIC Australia,Templestowe
BlueCross Silverwood,101-105 Porter Street Templestowe 3106 VIC Australia,Templestowe
Templestowe Manor,410-418 Thompsons Road Templestowe Lower 3107 VIC Australia,Templestowe Lower
Fronditha Care Templestowe,11 Omar Street Templestowe Lower 3107 VIC Australia,Templestowe Lower
Mercy Place Templestowe,16 Herlihys Road Templestowe Lower 3107 VIC Australia,Templestowe Lower
Menarock LIFE Lower Templestowe (Emmavale),7 Elberta Avenue Templestowe Lower 3107 VIC Australia,Templestowe Lower
BlueCross Ashby,25 Ashford Street Templestowe Lower 3107 VIC Australia,Templestowe Lower
MannaCare Cassia House,371 Manningham Road Doncaster 3108 VIC Australia,Doncaster
MannaCare Doncaster Melaleuca Lodge,383 Manningham Road Doncaster 3108 VIC Australia,Doncaster
Millward,31 Blackburn Road Doncaster East 3109 VIC Australia,Doncaster East
Baptcare The Orchards Community,107 Andersons Creek Road Doncaster East 3109 VIC Australia,Doncaster East
CCSSCI - On Luck Chinese Nursing Home,177-179 Tindals Road Donvale 3111 VIC Australia,Donvale
The Heights Donvale,39-41 Mitcham Road Donvale 3111 VIC Australia,Donvale
Bupa Donvale,296-304 Springvale Road Donvale 3111 VIC Australia,Donvale
Greenview Aged Care,33-37 Mitcham Road Donvale 3111 VIC Australia,Donvale
Riverside House,2 River Street Richmond 3121 VIC Australia,Richmond
mecwacare Rositano House,273 Church Street Richmond 3121 VIC Australia,Richmond
Uniting AgeWell Hawthorn Community,27-29 Wattle Road Hawthorn 3122 VIC Australia,Hawthorn
St Vincent's Care Services Hawthorn,4 King Street Hawthorn East 3123 VIC Australia,Hawthorn East
Auburn House,98 Camberwell Road Hawthorn East 3123 VIC Australia,Hawthorn East
Benetas Broughton Hall,2 Berwick Street Camberwell 3124 VIC Australia,Camberwell
Baptcare Hedley Sutton Community,19 Canterbury Road Camberwell 3124 VIC Australia,Camberwell
Lynden Aged Care,49 Lynden Street Camberwell 3124 VIC Australia,Camberwell
Regis Shenley Manor,440 Camberwell Road Camberwell 3124 VIC Australia,Camberwell
"Uniting AgeWell Camberwell Community, Tanderra",141 Highfield Road Camberwell 3124 VIC Australia,Camberwell
"Uniting AgeWell Camberwell Community, Condare Court",8 Joffre Street Camberwell 3124 VIC Australia,Camberwell
Nazareth House Camberwell,16 Cornell Street Camberwell 3124 VIC Australia,Camberwell
BlueCross The Gables,629 Riversdale Road Camberwell 3124 VIC Australia,Camberwell
Camberwell Green,12 Hunter Road Camberwell 3124 VIC Australia,Camberwell
Menarock LIFE Camberwell,15 Cornell Street Camberwell 3124 VIC Australia,Camberwell
Royal Freemasons Elizabeth Gardens Hostel,2-8 Elizabeth Street Burwood 3125 VIC Australia,Burwood
Trinity Manor Burwood,12-16 Edwards Street Burwood 3125 VIC Australia,Burwood
Royal Freemasons Elizabeth Gardens,2 Elizabeth Street Burwood 3125 VIC Australia,Burwood
Highwood Court Aged Care,359 Warrigal Road Burwood 3125 VIC Australia,Burwood
BlueCross The Mews,2a Warburton Road Camberwell East 3126 VIC Australia,Camberwell East
Faversham House,27 Shierlaw Avenue Canterbury 3126 VIC Australia,Canterbury
BlueCross Broughtonlea,9-17 Broughton Road Surrey Hills 3127 VIC Australia,Surrey Hills
Arcare Surrey Hills,18 Florence Road Surrey Hills 3127 VIC Australia,Surrey Hills
Uniting AgeWell Box Hill Community,75 Thames Street Box Hill 3128 VIC Australia,Box Hill
BlueCross Box Hill,40 Dorking Road Box Hill 3128 VIC Australia,Box Hill
mecwacare Simon Price Centre,13-25 Strabane Avenue Mont Albert North 3129 VIC Australia,Mont Albert North
Regis Milpara Lodge,220 Middleborough Road Blackburn South 3130 VIC Australia,Blackburn South
Regis Blackburn,40 Central Road Blackburn 3130 VIC Australia,Blackburn
AdventCare Whitehorse,163-165 Central Road Nunawading 3131 VIC Australia,Nunawading
Uniting AgeWell Strathdon Community,17 Jolimont Road Forest Hill 3131 VIC Australia,Forest Hill
Australian Unity Victoria Grange Aged Care,502-514 Burwood Highway Vermont South 3133 VIC Australia,Vermont South
Vermont Aged Care,770 Canterbury Road Vermont 3133 VIC Australia,Vermont
BlueCross Livingstone Gardens,39 Livingstone Road Vermont South 3133 VIC Australia,Vermont South
Regis Ringwood,294 Maroondah Highway Ringwood 3134 VIC Australia,Ringwood
Opal Gracedale,205 Warrandyte Road Ringwood North 3134 VIC Australia,Ringwood North
Olivet Care,7 Rupert Street Ringwood 3134 VIC Australia,Ringwood
Estia Health Ringwood - Waldreas Village,211-217 Wantirna Road Ringwood 3134 VIC Australia,Ringwood
Della dale Aged Care,17 Derwent Street Ringwood 3134 VIC Australia,Ringwood
Menarock LIFE Heathmont,27-29 The Greenway Heathmont 3135 VIC Australia,Heathmont
Lionsbrae,29 Everard Road Ringwood East 3135 VIC Australia,Ringwood East
BlueCross Tarralla,9 Jackson Street Croydon 3136 VIC Australia,Croydon
Aveo Mingarra Aged Care Community,77-115 Mt Dandenong Road Croydon 3136 VIC Australia,Croydon
Diana Street Lodge,11 Diana Street Croydon 3136 VIC Australia,Croydon
Bupa Croydon,124 Maroondah Highway Croydon 3136 VIC Australia,Croydon
Park Lane Croydon,295-299 Maroondah Highway Croydon 3136 VIC Australia,Croydon
Kirkbrae Residential Care,794 Mt Dandenong Road Kilsyth 3137 VIC Australia,Kilsyth
MiCare - Margriet Manor,722 Mt Dandenong Road Kilsyth 3137 VIC Australia,Kilsyth
MiCare - Overbeek Lodge,736 Mt Dandenong Road Kilsyth 3137 VIC Australia,Kilsyth
Mooroolbark Aged Persons Mental Health Residential Care Facility,73a Cambridge Road Mooroolbark 3138 VIC Australia,Mooroolbark
Benetas St John's Park,14 Reay Road Mooroolbark 3138 VIC Australia,Mooroolbark
BlueCross Baradine,17-19 Baradine Road Mooroolbark 3138 VIC Australia,Mooroolbark
Lilydale Aged Care,475 Swansea Road Lilydale 3140 VIC Australia,Lilydale
BlueCross Darnlee,33 Lansell Road Toorak 3142 VIC Australia,Toorak
Regis Armadale,607-613 Dandenong Road Armadale 3143 VIC Australia,Armadale
mecwacare Malvern Centre,1245-1247 Malvern Road Malvern 3144 VIC Australia,Malvern
Regis East Malvern,400 Waverley Road Malvern East 3145 VIC Australia,Malvern East
Arcare Parkview Malvern East,1287-1291 Dandenong Road Malvern East 3145 VIC Australia,Malvern East
Arcare Nirvana Avenue,408 Waverley Road Malvern East 3145 VIC Australia,Malvern East
Arcare Malvern East,1997-2005 Malvern Road Malvern East 3145 VIC Australia,Malvern East
BlueCross Cresthaven,235 Waverley Road Malvern East 3145 VIC Australia,Malvern East
mecwacare Noel Miller Centre,9-15 Kent Street Glen Iris 3146 VIC Australia,Glen Iris
Samarinda Ashburton Aged Services Inc,286 High Street Ashburton 3147 VIC Australia,Ashburton
Grand Cedar,61-63 High Street Road Ashwood 3147 VIC Australia,Ashwood
Cabrini Residential Care-Ashwood,54 Queens Parade Ashwood 3147 VIC Australia,Ashwood
BlueCross Scotchmans Creek,444-454 Waverley Road Mount Waverley 3149 VIC Australia,Mount Waverley
Japara The Regent,35-39 Regent Street Mount Waverley 3149 VIC Australia,Mount Waverley
Waverley Valley Aged Care,29-33 Chesterville Road Glen Waverley 3150 VIC Australia,Glen Waverley
Nellie Melba Retirement Village,2 Collegium Avenue Wheelers Hill 3150 VIC Australia,Wheelers Hill
Weary Dunlop Retirement Village,242 Jells Road Wheelers Hill 3150 VIC Australia,Wheelers Hill
Australian Unity Campbell Place Aged Care,129 Coleman Parade Glen Waverley 3150 VIC Australia,Glen Waverley
Cumberland View Aged Care Living - Whalley Drive,123-127 Whalley Drive Wheelers Hill 3150 VIC Australia,Wheelers Hill
Estia Health Glen Waverley,2b Grace Street Glen Waverley 3150 VIC Australia,Glen Waverley
Lifeview The Willows,171-175 Jells Road Wheelers Hill 3150 VIC Australia,Wheelers Hill
The Highbury,684 Highbury Road Glen Waverley 3150 VIC Australia,Glen Waverley
Menarock LIFE Glen Waverley,982 High Street Road Glen Waverley 3150 VIC Australia,Glen Waverley
Northside Aged Persons Mental Health Residential Care Facility,320 Burwood Highway Burwood East 3151 VIC Australia,Burwood East
Royal Freemasons Centennial Lodge,13 Lewis Road Wantirna South 3152 VIC Australia,Wantirna South
Arpad Aged Care,9 Garrisson Grove Wantirna 3152 VIC Australia,Wantirna
Arcare Knox,478 Burwood Highway Wantirna South 3152 VIC Australia,Wantirna South
VMCH Wantirna,355 Stud Road Wantirna South 3152 VIC Australia,Wantirna South
Opal Salford Park,100 Harold Street Wantirna 3152 VIC Australia,Wantirna
Latvian Aged Care Facility,60 Fraser Crescent Wantirna South 3152 VIC Australia,Wantirna South
Homestyle Clarendon Grange,40 Stud Road Wantirna 3152 VIC Australia,Wantirna
Polish Retirement Home,3-5 Percival Street Bayswater 3153 VIC Australia,Bayswater
Homestyle Ferndale Gardens,229-239 Bayswater Road Bayswater North 3153 VIC Australia,Bayswater North
Tabulam & Templer Home for the Aged,31-41 Elizabeth Street Bayswater 3153 VIC Australia,Bayswater
Heritage Gardens,325-329 Canterbury Road Bayswater 3153 VIC Australia,Bayswater
Martin Luther Homes,67 Mt View Road The Basin 3154 VIC Australia,The Basin
Clovelly Cottage,16 Stewart Street Boronia 3155 VIC Australia,Boronia
Mercy Place Boronia,7-9 Maryville Way Boronia 3155 VIC Australia,Boronia
Boronia Residential Aged Care,7 Coogee Street Boronia 3155 VIC Australia,Boronia
Menarock LIFE Upper Ferntree Gully (Sherbrooke),18 Tarana Avenue Upper Ferntree Gully 3156 VIC Australia,Upper Ferntree Gully
Glengollan Village,97 Underwood Road Ferntree Gully 3156 VIC Australia,Ferntree Gully
Edward Street Nursing Home,2-4 Edward Street Upper Ferntree Gully 3156 VIC Australia,Upper Ferntree Gully
Isomer Retirement Home,1273 Wellington Road Lysterfield 3156 VIC Australia,Lysterfield
VMCH Willowbrooke,9a Willow Road Upper Ferntree Gully 3156 VIC Australia,Upper Ferntree Gully
BlueCross Sheridan Hall Caulfield,6-8 Northcote Avenue Caulfield North 3161 VIC Australia,Caulfield North
Benetas Lovell House,389 Alma Road Caulfield North 3161 VIC Australia,Caulfield North
Emmy Monash Aged Care,518-526 Dandenong Road Caulfield North 3161 VIC Australia,Caulfield North
Arcare Caulfield,141 Kooyong Road Caulfield North 3161 VIC Australia,Caulfield North
mecwacare Jubilee House,52 Northcote Avenue Caulfield North 3161 VIC Australia,Caulfield North
Bupa Caulfield,349-351a North Road Caulfield South 3162 VIC Australia,Caulfield South
HammondCare - Caulfield Village,260 Kooyong Road Caulfield 3162 VIC Australia,Caulfield
HammondCare - The Glens,294 Kooyong Road Caulfield 3162 VIC Australia,Caulfield
Melbourne Hebrew Memorial Nursing Home (Gary Smorgon House) - Jewish Care (VIC),4-8 Freeman Street Caulfield 3162 VIC Australia,Caulfield
Rosstown Community,6 Ames Avenue Murrumbeena 3163 VIC Australia,Murrumbeena
Arcare Carnegie,47 Rosanna Street Carnegie 3163 VIC Australia,Carnegie
Spurway Community,89-91 Murrumbeena Road Murrumbeena 3163 VIC Australia,Murrumbeena
Brimlea Aged Care,21 Railway Parade Murrumbeena 3163 VIC Australia,Murrumbeena
Warrawee Community,854a Centre Road Bentleigh East 3165 VIC Australia,Bentleigh East
Mooraleigh Hostel,748 Centre Road Bentleigh East 3165 VIC Australia,Bentleigh East
Oaklea Hall Aged Care,4-8 Earlstown Road Oakleigh 3166 VIC Australia,Oakleigh
Estia Health Oakleigh East,23a Elizabeth Street Oakleigh 3166 VIC Australia,Oakleigh
Churches of Christ Care Oak Towers Aged Care Service,139 Atherton Road Oakleigh 3166 VIC Australia,Oakleigh
BlueCross Oakleigh,1055 Centre Road Oakleigh South 3167 VIC Australia,Oakleigh South
Bupa Clayton,12 Burton Avenue Clayton 3168 VIC Australia,Clayton
VMCH Corpus Christi,80 Clayton Road Clayton 3168 VIC Australia,Clayton
The Alexander Aged Care Centre,1720 Dandenong Road Clayton 3168 VIC Australia,Clayton
Clarinda Manor Aged Care,21-25 Inverness Street Clarinda 3169 VIC Australia,Clarinda
Fronditha Care Clayton,94 Springs Road Clayton South 3169 VIC Australia,Clayton South
BlueCross Hansworth,181 Hansworth Street Mulgrave 3170 VIC Australia,Mulgrave
Royal Freemasons Monash Gardens,355 Wellington Road Mulgrave 3170 VIC Australia,Mulgrave
VMCH John R Hannah,68 Wattle Grove Mulgrave 3170 VIC Australia,Mulgrave
Lexington Gardens Aged Care,18 Villa Road Springvale 3171 VIC Australia,Springvale
Springvale Private Nursing Home,340-344 Springvale Road Springvale 3171 VIC Australia,Springvale
Greenwood Manor (Outlet),617 Lower Dandenong Road Dingley Village 3172 VIC Australia,Dingley Village
Mercy Place Springvale,472 Springvale Road Springvale South 3172 VIC Australia,Springvale South
Kingston Gardens,173-213 Clarke Road Springvale South 3172 VIC Australia,Springvale South
Arcare Keysborough,85 Stanley Road Keysborough 3173 VIC Australia,Keysborough
Estia Health Keysborough,15 Stanley Road Keysborough 3173 VIC Australia,Keysborough
Noble Gardens Residential Aged Care,55 Thomas Street Noble Park 3174 VIC Australia,Noble Park
Yarraman Nursing Home,22b Yarraman Road Noble Park 3174 VIC Australia,Noble Park
Royal Freemasons Darvall Lodge,519 Princes Highway Noble Park 3174 VIC Australia,Noble Park
Uniting AgeWell Noble Park Community,1312 Heatherton Road Noble Park 3174 VIC Australia,Noble Park
Belvedere Aged Care,41-43 Fintonia Road Noble Park 3174 VIC Australia,Noble Park
Noble Manor Residential Aged Care,33 Frank Street Noble Park 3174 VIC Australia,Noble Park
Estia Health Dandenong,147-151 David Street Dandenong 3175 VIC Australia,Dandenong
Mercy Place Dandenong,82 Mccrae Street Dandenong 3175 VIC Australia,Dandenong
Outlook Gardens Aged Care,504 Police Road Dandenong North 3175 VIC Australia,Dandenong North
Regis Dandenong North,5 Bakers Road Dandenong North 3175 VIC Australia,Dandenong North
Wintringham Eunice Seddon Home,34-42 Potter Street Dandenong 3175 VIC Australia,Dandenong
Scottvale Aged Care,71 Scott Street Dandenong 3175 VIC Australia,Dandenong
Chestnut Gardens Aged Care Home,1 Chestnut Road Doveton 3177 VIC Australia,Doveton
Homestyle Rowville Manor,18 Le John Street Rowville 3178 VIC Australia,Rowville
Estia Health Knoxfield,428 Scoresby Road Knoxfield 3180 VIC Australia,Knoxfield
Estia Health Prahran,241 Dandenong Road Windsor 3181 VIC Australia,Windsor
Bupa Windsor,102-104 Union Street Windsor 3181 VIC Australia,Windsor
mecwacare Trescowthick Centre,70 Charles Street Prahran 3181 VIC Australia,Prahran
Chomley House,113 Chomley Street Prahran 3181 VIC Australia,Prahran
Central Park,101 Punt Road Windsor 3181 VIC Australia,Windsor
Sacred Heart Community,43 Robe Street St Kilda 3182 VIC Australia,St Kilda
Graceland Manor,508 Glenhuntly Road Elsternwick 3185 VIC Australia,Elsternwick
Victoria By The Park,27 Victoria Street Elsternwick 3185 VIC Australia,Elsternwick
BlueCross Sheridan Hall Brighton,10 Marion Street Brighton 3186 VIC Australia,Brighton
Arcare Brighton,58 Cochrane Street Brighton 3186 VIC Australia,Brighton
"Vasey RSL Care, Brighton",21 Downes Avenue Brighton 3186 VIC Australia,Brighton
Elanora Residential Care,7 Mair Street Brighton 3186 VIC Australia,Brighton
Regis Brighton,161 Male Street Brighton 3186 VIC Australia,Brighton
Montclaire Aged Care,18 Montclair Avenue Brighton 3186 VIC Australia,Brighton
Princeton View,29 Heathfield Road Brighton East 3187 VIC Australia,Brighton East
"Vasey RSL Care, Brighton East",709-723 Hawthorn Road Brighton East 3187 VIC Australia,Brighton East
Mayflower Brighton - Residential Aged Care,7 Centre Road Brighton East 3187 VIC Australia,Brighton East
Menarock LIFE Highett (Rosehill),12 Maxflo Court Highett 3190 VIC Australia,Highett
Abberfield Aged Care Facility,376-380 Bluff Road Sandringham 3191 VIC Australia,Sandringham
Mercy Place Fernhill,18-20 Fernhill Road Sandringham 3191 VIC Australia,Sandringham
BlueCross Karinya Grove,3 Aberdeen Road Sandringham 3191 VIC Australia,Sandringham
Regis Sandringham,37 Bay Road Sandringham 3191 VIC Australia,Sandringham
Fairway Bayside Aged Care,195 Bluff Road Sandringham 3191 VIC Australia,Sandringham
Cheltenham Manor,10-12 Bendigo Street Cheltenham 3192 VIC Australia,Cheltenham
Allambee Nursing Home Kingston Centre,376 Warrigal Road Cheltenham 3192 VIC Australia,Cheltenham
Arcare Cheltenham,161a Centre Dandenong Road Cheltenham 3192 VIC Australia,Cheltenham
BlueCross Autumdale,13 Eagland Road Cheltenham 3192 VIC Australia,Cheltenham
Mercy Place Corben,9-15 Brindisi Street Mentone 3194 VIC Australia,Mentone
Avonlea Aged Care,3-7 Patty Street Mentone 3194 VIC Australia,Mentone
Mercy Place Mordialloc,10 Brindisi Street Mentone 3194 VIC Australia,Mentone
Parkdale Aged Care,43-45 Herbert Street Parkdale 3195 VIC Australia,Parkdale
BlueCross Elly Kay,45-51 Elliot Street Mordialloc 3195 VIC Australia,Mordialloc
Mercy Place Nixon,27 Chute Street Mordialloc 3195 VIC Australia,Mordialloc
Bayside Aged Care,5 Mcdonald Street Mordialloc 3195 VIC Australia,Mordialloc
Bonbeach Residential Care,440 Station Street Bonbeach 3196 VIC Australia,Bonbeach
Mercy Place Northcliffe,10-12 Northcliffe Road Edithvale 3196 VIC Australia,Edithvale
BlueCross Gardenia,87 Argyle Avenue Chelsea 3196 VIC Australia,Chelsea
Bupa Edithvale,256-260 Station Street Edithvale 3196 VIC Australia,Edithvale
Lifeview Argyle Court,81-83 Argyle Avenue Chelsea 3196 VIC Australia,Chelsea
Bupa Bonbeach, Chelsea 3196 VIC Australia,Chelsea
BlueCross Chelsea Manor,7-11 Beardsworth Avenue Chelsea 3196 VIC Australia,Chelsea
Baptcare Peninsula View Community,24-28 Moorooduc Highway Frankston South 3199 VIC Australia,Frankston South
"Vasey RSL Care, Frankston South",85 Overport Road Frankston South 3199 VIC Australia,Frankston South
Baptist Village Baxter Lodge,8 Robinsons Road Frankston South 3199 VIC Australia,Frankston South
Regis Frankston,93 Ashleigh Avenue Frankston 3199 VIC Australia,Frankston
Benetas St Paul's Terrace,2b Towerhill Road Frankston 3199 VIC Australia,Frankston
Frankston Nursing Home (Meracare),8-12 Nolan Street Frankston 3199 VIC Australia,Frankston
Forest Lodge Residential Aged Care,23 Forest Drive Frankston North 3200 VIC Australia,Frankston North
MiCare - Avondrust Lodge,1105 Frankston Dandenong Road Carrum Downs 3201 VIC Australia,Carrum Downs
Bayview Aged Care Facility,1295 Frankston-dandenong Road Carrum Downs 3201 VIC Australia,Carrum Downs
Sandhurst Aged Care,20 Herbert Road Carrum Downs 3201 VIC Australia,Carrum Downs
Carrum Downs Aged Care,80 William Road Carrum Downs 3201 VIC Australia,Carrum Downs
Carrum Downs Nursing Home (Meracare),1135 Frankston-dandenong Road Carrum Downs 3201 VIC Australia,Carrum Downs
Estia Health Bentleigh,34-36 Clairmont Avenue Bentleigh 3204 VIC Australia,Bentleigh
Claremont Terrace,231-253 Mckinnon Road Mckinnon 3204 VIC Australia,Mckinnon
Emerald Hill Residence,203 Napier Street South Melbourne 3205 VIC Australia,South Melbourne
Napier Street Aged Care Services,179-197 Napier Street South Melbourne 3205 VIC Australia,South Melbourne
South Port Community Residential Home,18-30 Richardson Street Albert Park 3206 VIC Australia,Albert Park
Wintringham Hostel - Port Melbourne,79 Swallow Street Port Melbourne 3207 VIC Australia,Port Melbourne
Costa House - Karingal St Laurence (genU),1 Investigator Avenue Lara 3212 VIC Australia,Lara
Vonlea Manor,1-9 Moran Place Norlane 3214 VIC Australia,Norlane
Baptcare Coasthaven Community,45 Robin Avenue Norlane 3214 VIC Australia,Norlane
McKellar Centre,45-95 Ballarat Road North Geelong 3215 VIC Australia,North Geelong
mecwacare Elstoft House,12-14 Beulah Street Hamlyn Heights 3215 VIC Australia,Hamlyn Heights
MACS - Home Care Services,100 Weddell Road North Geelong 3215 VIC Australia,North Geelong
Homestyle Belmont Grange,34 Church Street Grovedale 3216 VIC Australia,Grovedale
Mercy Place Rice Village,7 Moylan Loop Marshall 3216 VIC Australia,Marshall
Bupa Barrabool,55 Barrabool Road Belmont 3216 VIC Australia,Belmont
Estia Health Grovedale,6a Perrett Street Grovedale 3216 VIC Australia,Grovedale
LUSON The Vue,17 Reserve Road Grovedale 3216 VIC Australia,Grovedale
Balmoral Grove,24-34 Smith Street Grovedale 3216 VIC Australia,Grovedale
The Belmont Residential Aged Care,235 High Street Belmont 3216 VIC Australia,Belmont
"Uniting AgeWell Kalkee Community, Murray",9 Spring Street Belmont 3216 VIC Australia,Belmont
Opal South Valley,209 South Valley Road Highton 3216 VIC Australia,Highton
"Uniting AgeWell Kalkee Community, Nangatta",206 High Street Belmont 3216 VIC Australia,Belmont
Alan David Lodge,382 Torquay Road Grovedale 3216 VIC Australia,Grovedale
Warralily Gardens,614-620 Torquay Road Armstrong Creek 3217 VIC Australia,Armstrong Creek
Tannoch Brae Aged Care,46 Aldershot Road St Albans Park 3219 VIC Australia,St Albans Park
Luson - Eden Park,31-33 Thompson Street Whittington 3219 VIC Australia,Whittington
Roccoco Aged Care Facility,355-357 Wilsons Road St Albans Park 3219 VIC Australia,St Albans Park
Drysdale Grove,33-37 Wyndham Street Drysdale 3222 VIC Australia,Drysdale
Homestead Estate,9-11 Homestead Avenue Wallington 3222 VIC Australia,Wallington
Arcare Portarlingon,80 Willis Street Portarlington 3223 VIC Australia,Portarlington
Homestyle Kensington Grange,13 Ferguson Road Leopold 3224 VIC Australia,Leopold
Bupa Bellarine Lakes,402 Bellarine Highway Moolap 3224 VIC Australia,Moolap
Estia Health Leopold,52-60 Ash Road Leopold 3224 VIC Australia,Leopold
Arcare Point Lonsdale,5 Knowles Grove Point Lonsdale 3225 VIC Australia,Point Lonsdale
Homestyle Sea Views Manor,77-79 Tareeda Way Ocean Grove 3226 VIC Australia,Ocean Grove
Ocean Mist Aged Care,370 Grossmans Road Bellbrae 3228 VIC Australia,Bellbrae
VMCH Star Of The Sea,Horseshoe Bend Road Torquay 3228 VIC Australia,Torquay
Elouera Aged Care Centre,6-11 Kooringa Place Torquay 3228 VIC Australia,Torquay
Anglesea Residential Aged Care Facility,5 Weir Street Anglesea 3230 VIC Australia,Anglesea
Great Ocean Road Health - Lorne Nursing Home,7 Albert Street Lorne 3232 VIC Australia,Lorne
Residential Aged Care - Multipurpose Service,37-43 Mclachlan Street Apollo Bay 3233 VIC Australia,Apollo Bay
Hesse Rural Health Nursing Home,8 Gosney Street Winchelsea 3241 VIC Australia,Winchelsea
Corangamarah,2-28 Connor Street Colac 3250 VIC Australia,Colac
Barongarook Gardens,8-32 Murray Street Colac 3250 VIC Australia,Colac
Mercy Place Colac,83-99 Queen Street Colac 3250 VIC Australia,Colac
Merindah Lodge Aged Care Facility,1-3 York Street Camperdown 3260 VIC Australia,Camperdown
Sunnyside House Inc,1 Adeney Street Camperdown 3260 VIC Australia,Camperdown
Mount View Aged Care Facility,13 Austin Avenue Terang 3264 VIC Australia,Terang
May Noonan Centre by Lyndoch Living,1 Foley Street Terang 3264 VIC Australia,Terang
Heytesbury Lodge & Lovely Banks Residential Care,5 Victoria Street Cobden 3266 VIC Australia,Cobden
Timboon & District Healthcare Service,21 Hospital Road Timboon 3268 VIC Australia,Timboon
Aberlea,30 Shaw Street Mortlake 3272 VIC Australia,Mortlake
Opal Gillin Park,62-76 Huntingfield Drive Warrnambool 3280 VIC Australia,Warrnambool
Opal Warrnambool,170 Raglan Parade Warrnambool 3280 VIC Australia,Warrnambool
Lyndoch Living - Residential Care,Hopkins Road Warrnambool 3280 VIC Australia,Warrnambool
Mercy Place Warrnambool,16 Hopetoun Road Warrnambool 3280 VIC Australia,Warrnambool
Moyne Health Services-Belfast House,97 Regent Street Port Fairy 3284 VIC Australia,Port Fairy
Moyne Health Services-Moyneyana House,31 College Street Port Fairy 3284 VIC Australia,Port Fairy
Penshurst Nursing Home,Watton Street Penshurst 3289 VIC Australia,Penshurst
Kolor Lodge Hostel,148 Watton Street Penshurst 3289 VIC Australia,Penshurst
Grange Residential Care Services,19 Gray Street Hamilton 3300 VIC Australia,Hamilton
The Birches,Foster Street Hamilton 3300 VIC Australia,Hamilton
Eventide Lutheran Homes,72 Ballarat Road Hamilton 3300 VIC Australia,Hamilton
Heywood Nursing Home,21 Barclay Street Heywood 3304 VIC Australia,Heywood
Bupa Portland,83 Wellington Road Portland 3305 VIC Australia,Portland
Harbourside Lodge,141-151 Bentinck Street Portland 3305 VIC Australia,Portland
Casterton Memorial Hospital Nursing Home - Glenelg House,63-69 Russell Street Casterton 3311 VIC Australia,Casterton
Edgarley Home,85 Jackson Street Casterton 3311 VIC Australia,Casterton
Wannon Court Hostel,72-74 Pilleau Street Coleraine 3315 VIC Australia,Coleraine
Valley View Nursing Home,71 Mcleod Street Coleraine 3315 VIC Australia,Coleraine
The Lakes Hostel,1 Lake Street Edenhope 3318 VIC Australia,Edenhope
Kowree Nursing Home Unit,128-134 Elizabeth Street Edenhope 3318 VIC Australia,Edenhope
Estia Health Bannockburn,71 Mcphillips Road Bannockburn 3331 VIC Australia,Bannockburn
Willowbrae - Melton,116 Centenary Avenue Melton 3337 VIC Australia,Melton
Sutton Park Aged Care,126-134 Exford Road Melton South 3338 VIC Australia,Melton South
Estia Health Melton South,34-42 Brooklyn Road Melton South 3338 VIC Australia,Melton South
VMCH Providence,9 Griffith Street Maddingley 3340 VIC Australia,Maddingley
Royal Freemasons Bacchus Marsh,58 Grey Street Darley 3340 VIC Australia,Darley
Grant Lodge Aged Care Facility,1 Clarinda Street Bacchus Marsh 3340 VIC Australia,Bacchus Marsh
Ballan Hostel,168 Inglis Street Ballan 3342 VIC Australia,Ballan
Ballan Nursing Home,33 Cowie Street Ballan 3342 VIC Australia,Ballan
Eureka Village Hostel,16-40 Balmoral Drive Ballarat East 3350 VIC Australia,Ballarat East
Bill Crawford Lodge,1101 Dana Street Ballarat 3350 VIC Australia,Ballarat
Talbot Place Aged Care Facility,1205 Dana Street Ballarat 3350 VIC Australia,Ballarat
Queen Elizabeth Centre (Steele Haughton Unit),102 Ascot Street  South Ballarat 3350 VIC Australia,Ballarat
Kirralee, Ballarat 3350 VIC Australia,Ballarat
Mt Clear,112-114 Whitehorse Road Mount Clear 3350 VIC Australia,Mount Clear
Royal Freemasons Ballarat,124 Spencer Street Canadian 3350 VIC Australia,Canadian
Mercy Place Ballarat,60 Corbett Street Ballarat East 3350 VIC Australia,Ballarat East
Geoffrey Cutter Centre,10 Kenny Street Ballarat 3350 VIC Australia,Ballarat
Hailey House Hostel,703 Norman Street Ballarat North 3350 VIC Australia,Ballarat North
Nazareth House Ballarat,218 Mill Street Ballarat 3350 VIC Australia,Ballarat
Kelaston,2-4 Park Street Wendouree 3355 VIC Australia,Wendouree
Queen Elizabeth Village Hostel (W.B. Messer),302 Gillies Street  North Wendouree 3355 VIC Australia,Wendouree
P.S. Hobson Nursing Home,302 Gillies Street Wendouree 3355 VIC Australia,Wendouree
Jack Lonsdale Lodge,232 Spencer Street Sebastopol 3356 VIC Australia,Sebastopol
James Thomas Court,117 Morgan Street Sebastopol 3356 VIC Australia,Sebastopol
Bupa Ballarat,305 Smythes Road Delacombe 3356 VIC Australia,Delacombe
Skipton Nursing Home,4 Blake Street Skipton 3361 VIC Australia,Skipton
John Curtin Aged Care,6 Cushing Avenue Creswick 3363 VIC Australia,Creswick
Creswick Nursing Home,1 Napier Street Creswick 3363 VIC Australia,Creswick
Beaufort Hostel,1-3 Burton Street Beaufort 3373 VIC Australia,Beaufort
Beaufort Nursing Home,2 Havelock Street Beaufort 3373 VIC Australia,Beaufort
70 Lowe Street,70 Lowe Street Ararat 3377 VIC Australia,Ararat
Garden View Court Hostel,Lowe Street Ararat 3377 VIC Australia,Ararat
Gorrinn House Hostel,27 Albert Street Ararat 3377 VIC Australia,Ararat
Parkland House Hostel,2 Delacombe Way Willaura 3379 VIC Australia,Willaura
Macpherson Smith Residential Care,37 Sloane Street Stawell 3380 VIC Australia,Stawell
Eventide Homes Stawell Inc,111 Patrick Street Stawell 3380 VIC Australia,Stawell
Rupanyup District Nursing Home,89 Cromie Street Rupanyup 3388 VIC Australia,Rupanyup
Dunmunkle Lodge Inc,1 Mcleod Street Minyip 3392 VIC Australia,Minyip
Yarriambiack Lodge Hostel,Dimboola Road Warracknabeal 3393 VIC Australia,Warracknabeal
Hopetoun Nursing Home,12 Mitchell Place Hopetoun 3396 VIC Australia,Hopetoun
Wimmera Nursing Home,2 Baillie Street Horsham 3400 VIC Australia,Horsham
Sunnyside Lutheran Retirement Village,6 Trinity Drive Horsham 3400 VIC Australia,Horsham
Kurrajong Lodge,14 Robinson Street Horsham 3400 VIC Australia,Horsham
Natimuk BNH-Nursing Home Annexe,6 Schurmann Street Natimuk 3409 VIC Australia,Natimuk
Allambi Elderly Peoples Home,46 Anderson Street Dimboola 3414 VIC Australia,Dimboola
Dimboola District Hospital Nursing Home Unit,32-36 Anderson Street Dimboola 3414 VIC Australia,Dimboola
Iona Digby Harris Home,49 Nelson Street Nhill 3418 VIC Australia,Nhill
Avonlea Hostel,68-72 Macpherson Street Nhill 3418 VIC Australia,Nhill
Kaniva Hostel,7 Farmers Street Kaniva 3419 VIC Australia,Kaniva
Archie Gray Nursing Home Unit,1 Roache Street Kaniva 3419 VIC Australia,Kaniva
Jeparit & District Nursing Home,2 Charles Street Jeparit 3423 VIC Australia,Jeparit
Rainbow Bush Nursing Hospital Hostel,12 Sanders Street Rainbow 3424 VIC Australia,Rainbow
Rainbow Bush Nursing Home Annexe,2 Swinbourne Avenue Rainbow 3424 VIC Australia,Rainbow
Goonawarra Aged Care Facility,19-25 Anderson Road Sunbury 3429 VIC Australia,Sunbury
Riddell Gardens Aged Care,10 Spavin Drive Sunbury 3429 VIC Australia,Sunbury
Gisborne Oaks, Gisborne 3437 VIC Australia,Gisborne
Warrina Aged Care,176 Station Road New Gisborne 3438 VIC Australia,New Gisborne
Bupa Woodend,2 Sullivans Road Woodend 3442 VIC Australia,Woodend
Bupa Kyneton,2 Edgecombe Street Kyneton 3444 VIC Australia,Kyneton
R. M. Begg Kyneton Aged Care,27-35 Epping Street Kyneton 3444 VIC Australia,Kyneton
Castlemaine Health - Residential Aged Care,20 Cornish Street Castlemaine 3450 VIC Australia,Castlemaine
Trentham Nursing Home,22-24 Victoria Street Trentham 3458 VIC Australia,Trentham
Daylesford Nursing Home,13 Hospital Street Daylesford 3460 VIC Australia,Daylesford
Hepburn House,1 Hepburn Road Daylesford 3460 VIC Australia,Daylesford
Maldon Hospital - Mountview Nursing Home,2 Chapel Street Maldon 3463 VIC Australia,Maldon
Havilah Hostel,11 Harkness Street Maryborough 3465 VIC Australia,Maryborough
Havilah on Palmerston,25 Palmerston Street Maryborough 3465 VIC Australia,Maryborough
Wattle Rise,75-85 Clarendon Street Maryborough 3465 VIC Australia,Maryborough
Avoca Nursing Home,10 Templeton Street Avoca 3467 VIC Australia,Avoca
Dunolly Nursing Home,12 Havelock Street Dunolly 3472 VIC Australia,Dunolly
Kara Court Nursing Home,52 North Western Road St Arnaud 3478 VIC Australia,St Arnaud
Coates Hostel,1 James Street St Arnaud 3478 VIC Australia,St Arnaud
Johnson-Goodwin Memorial Homes,22 Camp Street Donald 3480 VIC Australia,Donald
Riverview Aged Care,1 Aitken Avenue Donald 3480 VIC Australia,Donald
Birchip Nursing Home,17 Taverner Street Birchip 3483 VIC Australia,Birchip
Mallee Track Health & Community Service - Ouyen,28 Britt Street Ouyen 3490 VIC Australia,Ouyen
Jacaranda Village,220c Calotis Street Red Cliffs 3496 VIC Australia,Red Cliffs
Oasis Aged Care,1039 Karadoc Avenue Irymple 3498 VIC Australia,Irymple
Regis Sunraysia,253 10th Street Mildura 3500 VIC Australia,Mildura
Regis Ontario,382-404 Ontario Avenue Mildura 3500 VIC Australia,Mildura
Bupa Mildura,514 Deakin Avenue Mildura 3500 VIC Australia,Mildura
Princes Court Homes Hostel,27 Princes Street Mildura 3500 VIC Australia,Mildura
Chaffey Aged Care,2 Main Avenue  North Merbein 3505 VIC Australia,Merbein
Inglewood & Districts Health Service (Nursing Home),3 Hospital Street Inglewood 3517 VIC Australia,Inglewood
Heathcote Health Low Care Service,39 Hospital Street Heathcote 3523 VIC Australia,Heathcote
Charlton Aged Care,4 Learmonth Street Charlton 3525 VIC Australia,Charlton
Grandview Lodge,19 Grandview Street Wycheproof 3527 VIC Australia,Wycheproof
Mallee Track Health & Community Service - Sea Lake,33-43 Mcclelland Avenue Sea Lake 3533 VIC Australia,Sea Lake
Boort District Health Nursing Home,5 Kiniry Street Boort 3537 VIC Australia,Boort
Boort District Health Hostel,1 Kiniry Street Boort 3537 VIC Australia,Boort
Robinvale Multi-Purpose Service,128 Latje Road Robinvale 3549 VIC Australia,Robinvale
Riverside Campus Residential Aged Care,39 Latje Road Robinvale 3549 VIC Australia,Robinvale
Estia Health Victoria Heights,41-45 Victoria Street Ironbark 3550 VIC Australia,Ironbark
Bupa Bendigo,208 Holdsworth Road Bendigo 3550 VIC Australia,Bendigo
Estia Health Bendigo,9 Brown Street Long Gully 3550 VIC Australia,Long Gully
Simpkin House, Bendigo 3550 VIC Australia,Bendigo
Royal Freemasons Flora Hill,64 Somerville Street Bendigo 3550 VIC Australia,Bendigo
Gibson Street Complex,26 Gibson Street North Bendigo 3550 VIC Australia,North Bendigo
Mirridong Residential Care,92-100 Mcivor Road Bendigo 3550 VIC Australia,Bendigo
"Honeysuckle Regional Health, Bentley's Aged Care",47 Harpin Street East Bendigo 3550 VIC Australia,East Bendigo
Uniting AgeWell Strath-Haven Community,131-149 Condon Street Bendigo 3550 VIC Australia,Bendigo
Golden Oaks Nursing Home,15-39 Hattam Street Golden Square 3555 VIC Australia,Golden Square
Benetas St Laurence Court Kangaroo Flat,8 Wesley Street Kangaroo Flat 3555 VIC Australia,Kangaroo Flat
Mercy Health Bethlehem Home for the Aged,36-42 Specimen Hill Road Golden Square 3555 VIC Australia,Golden Square
Carshalton House Hostel,11 Stoneham Street Golden Square 3555 VIC Australia,Golden Square
Royal Freemasons Bendigo,61 Alder Street Kangaroo Flat 3555 VIC Australia,Kangaroo Flat
Benetas St Laurence Court Eaglehawk,112 Upper California Gully Road California Gully 3556 VIC Australia,California Gully
Rochester and District Hostel,1 Pascoe Street Rochester 3561 VIC Australia,Rochester
Glanville Village,17 Francis Street Echuca 3564 VIC Australia,Echuca
Wharparilla Lodge,Hartshorn Drive Echuca West 3564 VIC Australia,Echuca West
Bupa Echuca,7 Fehring Lane Echuca 3564 VIC Australia,Echuca
Cohuna Retirement Village,38 Augustine Street Cohuna 3568 VIC Australia,Cohuna
Cohuna District Nursing Home,144-158 King George Street Cohuna 3568 VIC Australia,Cohuna
Glenarm Nursing Home,13-15 Burgoyne Street Kerang 3579 VIC Australia,Kerang
Baptcare Northaven Community,84-86 Shadforth Street Kerang 3579 VIC Australia,Kerang
Logan Lodge (formally known as Swan Hill District Nursing Home),29 High Street Swan Hill 3585 VIC Australia,Swan Hill
Alcheringa Hostel,2-14 Boree Drive Swan Hill 3585 VIC Australia,Swan Hill
Swan Hill District (Nyah Campus),1 Monash Avenue Nyah West 3595 VIC Australia,Nyah West
Lakeview Lodge Hostel,22 Church Street Nagambie 3608 VIC Australia,Nagambie
Waranga Nursing Home,14 Coyle Street Rushworth 3612 VIC Australia,Rushworth
Waranga Aged Care Hostel,14 High Street Rushworth 3612 VIC Australia,Rushworth
Moyola Lodge Hostel,60 Hunter Street Tatura 3616 VIC Australia,Tatura
Parkvilla Aged Care Facility,64-68 Park Street Tatura 3616 VIC Australia,Tatura
Warramunda Village,Warramunda Drive Kyabram 3620 VIC Australia,Kyabram
Kyabram Nursing Home - Sheridan,86-96 Fenaughty Street Kyabram 3620 VIC Australia,Kyabram
Koraleigh Nursing Home,Purdey Street Tongala 3621 VIC Australia,Tongala
Rodney Park Residential Aged Care Service (Hakea Lodge),30-50 Knight Street Mooroopna 3629 VIC Australia,Mooroopna
Menarock LIFE Shepparton,29-35 Pine Road Shepparton 3630 VIC Australia,Shepparton
Harmony Village Aged Care Facility,20 Zurcas Lane Shepparton 3630 VIC Australia,Shepparton
Maculata Place Residential Aged Care Service,124 Maculata Drive Shepparton 3630 VIC Australia,Shepparton
Acacia House Residential Aged Care Service,9 Batman Avenue Shepparton 3630 VIC Australia,Shepparton
Grutzner House,2-22 Graham Street Shepparton 3630 VIC Australia,Shepparton
Mercy Place Ave Maria (Shepparton),25 Graham Street Shepparton 3630 VIC Australia,Shepparton
Mercy Place Shepparton,351-359 Archer Street Shepparton 3630 VIC Australia,Shepparton
Banksia Lodge Residential Aged Care Service,15 Waranga Drive Kialla 3631 VIC Australia,Kialla
Karinya NCN Health Numurkah,2 Katamatite-nathalia Road Numurkah 3636 VIC Australia,Numurkah
Numurkah Pioneers Memorial Lodge,13 Katamatite-nathalia Road Numurkah 3636 VIC Australia,Numurkah
Barwo Homestead,8 Federation Street Nathalia 3638 VIC Australia,Nathalia
Banawah NCN Health Nathalia,36-38 Mcdonell Street Nathalia 3638 VIC Australia,Nathalia
Irvin House NCN Health Cobram,24-32 Broadway Street Cobram 3644 VIC Australia,Cobram
Ottrey Lodge,16 Campbell Road Cobram 3644 VIC Australia,Cobram
Seymour Health Nursing Home- Barrabill House,Brettoneaux Street Seymour 3660 VIC Australia,Seymour
Karingal Seymour,3 Bretonneux Street Seymour 3660 VIC Australia,Seymour
GraniteHill Aged Care,36 Kennedy Street Euroa 3666 VIC Australia,Euroa
Honeysuckle Regional Health,48 Cowslip Street Violet Town 3669 VIC Australia,Violet Town
Estia Health Benalla Vic,73 Samaria Road Benalla 3672 VIC Australia,Benalla
Cooinda Village Inc.,1-35 Kilfeera Road Benalla 3672 VIC Australia,Benalla
Morrie Evans Wing Nursing Home,2 Coster Street Benalla 3672 VIC Australia,Benalla
Royal Freemasons Benalla,107 Thomas Street Benalla 3672 VIC Australia,Benalla
St Catherine's Hostel Wangaratta Inc,59-69 Ryley Street Wangaratta 3677 VIC Australia,Wangaratta
Rangeview Private Nursing Home,15-17 Mason Street Wangaratta 3677 VIC Australia,Wangaratta
St John's Nursing Hostel,138 Williams Road Wangaratta 3677 VIC Australia,Wangaratta
Illoura - Residential Aged Care,32-50 College Street Wangaratta 3677 VIC Australia,Wangaratta
Glenview Community Care Nursing Home,168 High Street Rutherglen 3685 VIC Australia,Rutherglen
Bupa Wodonga,11-19 Melrose Drive Wodonga 3690 VIC Australia,Wodonga
Estia Health Wodonga,240 Felltimber Creek Road Wodonga 3690 VIC Australia,Wodonga
Westmont Homestead,265 Baranduda Boulevard Baranduda 3691 VIC Australia,Baranduda
Lakeview Nursing Home,22 Barree Street Tallangatta 3700 VIC Australia,Tallangatta
Bolga Court Hostel,1 Lakeside Drive Tallangatta 3700 VIC Australia,Tallangatta
Corryong Health,Kiell Street Corryong 3707 VIC Australia,Corryong
Darlingford Upper Goulburn Nursing Home,5 High Street Eildon 3713 VIC Australia,Eildon
Kellock Lodge Alexandra Inc,15 Bon Street Alexandra 3714 VIC Australia,Alexandra
Rosebank Hostel,20 Miller Street Yea 3717 VIC Australia,Yea
Rosebank Nursing Home,43 Station Street Yea 3717 VIC Australia,Yea
Buckland House Nursing Home,1 Highett Street Mansfield 3722 VIC Australia,Mansfield
Allawah Special Care Hostel,42 Hume Street Yarrawonga 3730 VIC Australia,Yarrawonga
Karana,7 Hume Street Yarrawonga 3730 VIC Australia,Yarrawonga
Woods Point Aged Care,75-85 Orr Street Yarrawonga 3730 VIC Australia,Yarrawonga
Warrina Hostel,26 Piper Street Yarrawonga 3730 VIC Australia,Yarrawonga
Myrtleford Lodge Aged Care,73 Prince Street Myrtleford 3737 VIC Australia,Myrtleford
"Alpine Health Multi-Purpose Service - Bright, Mount Beauty and Myrtleford",26-32 Cobden Street Bright 3741 VIC Australia,Bright
Beechworth Health Service Residential Care Program,52 Sydney Road Beechworth 3747 VIC Australia,Beechworth
Yackandandah Health,20 Isaacs Avenue Yackandandah 3749 VIC Australia,Yackandandah
Bupa South Morang,18-22 Mcglynn Avenue South Morang 3752 VIC Australia,South Morang
Estia Health Plenty Valley,806 Plenty Road South Morang 3752 VIC Australia,South Morang
San Carlo Homes for the Aged,970 Plenty Road South Morang 3752 VIC Australia,South Morang
Estia Health South Morang - Heritage Lakes,879 Plenty Road South Morang 3752 VIC Australia,South Morang
Whittlesea Lodge,30-32 Fir Street Whittlesea 3757 VIC Australia,Whittlesea
Sunlight Residential Aged Care,43 Laurel Street Whittlesea 3757 VIC Australia,Whittlesea
Caladenia Nursing Home,Rutledge Street Kilmore 3764 VIC Australia,Kilmore
BlueCross Willowmeade,70 Kilmore-lancefield Road Kilmore 3764 VIC Australia,Kilmore
Mercy Place Montrose (Nursing Home),991 Mount Dandenong Tourist Road Montrose 3765 VIC Australia,Montrose
Holmwood Aged Care,17-19 Lalors Road Healesville 3777 VIC Australia,Healesville
Monda Lodge Hostel,32-36 Mcgregor Avenue Healesville 3777 VIC Australia,Healesville
Aurrum Healesville,27 Smith Street Healesville 3777 VIC Australia,Healesville
Lifeview Emerald Glades,15 Emerald-monbulk Road Emerald 3782 VIC Australia,Emerald
Estia Health Yarra Valley,21 Hoddle Street Yarra Junction 3797 VIC Australia,Yarra Junction
AdventCare Yarra Ranges,5 Woods Point Road Warburton 3799 VIC Australia,Warburton
Viewhills Manor,55 Heatherton Road Endeavour Hills 3802 VIC Australia,Endeavour Hills
Homewood Residential Aged Care,8 Young Road Hallam 3803 VIC Australia,Hallam
Hallam Residential Care,47-49 Belgrave-hallam Road Hallam 3803 VIC Australia,Hallam
Bupa Berwick,359 Narre Warren North Road Narre Warren North 3804 VIC Australia,Narre Warren North
St Jude's Aged Care Facility,381-403 Narre Warren North Road Narre Warren North 3804 VIC Australia,Narre Warren North
Coptic Village Hostel,18 St Kyrillos Place Narre Warren 3805 VIC Australia,Narre Warren
Casey Manor Aged Care,445 Ormond Road Narre Warren South 3805 VIC Australia,Narre Warren South
Casey Aged Care,300 Golf Links Road Narre Warren 3805 VIC Australia,Narre Warren
Homestyle Melville Grange,80 Melville Park Drive Berwick 3806 VIC Australia,Berwick
CraigCare Berwick,21 Parkhill Drive Berwick 3806 VIC Australia,Berwick
VMCH Berwick,89-93 Avebury Drive Berwick 3806 VIC Australia,Berwick
Menarock LIFE Upper Beaconsfield (Salisbury House),3 Salisbury Road Beaconsfield Upper 3808 VIC Australia,Beaconsfield Upper
Millhaven Lodge,54-64 Princes Highway Pakenham 3810 VIC Australia,Pakenham
VMCH Shanagolden,100 Webster Way Pakenham 3810 VIC Australia,Pakenham
Menarock LIFE Pakenham (McGregor Gardens),11 Mcgregor Road Pakenham 3810 VIC Australia,Pakenham
Hillview Bunyip Aged Care Inc,22 Abeckett Road Bunyip 3815 VIC Australia,Bunyip
Lyrebird Village for the Aged,8 Neerim Street Drouin 3818 VIC Australia,Drouin
Baptcare Amberlea Community,5 Pearson Road Drouin 3818 VIC Australia,Drouin
Baptcare Abbey Gardens Community,15 Tarwin Street Warragul 3820 VIC Australia,Warragul
Cooinda Lodge Nursing Home,41 Landsborough Street Warragul 3820 VIC Australia,Warragul
Fairview Village,30 Sargeant Street Warragul 3820 VIC Australia,Warragul
Andrews House,42 School Road Trafalgar 3824 VIC Australia,Trafalgar
Narracan Gardens Aged Care Facility,17 Amaroo Way Newborough 3825 VIC Australia,Newborough
Royal Freemasons Moe,1c Haigh Street Moe 3825 VIC Australia,Moe
Latrobe Valley Village Hostel,5 Ollerton Avenue Moe 3825 VIC Australia,Moe
Tarago Views Aged Care,29-39 Main Road Neerim South 3831 VIC Australia,Neerim South
Baptcare Heritage Manor Community,147-163 Maryvale Road Morwell 3840 VIC Australia,Morwell
Baptcare St Hilary's Community,16 Elgin Street Morwell 3840 VIC Australia,Morwell
Mitchell House Hostel,127 Vary Street Morwell 3840 VIC Australia,Morwell
Benetas Dalkeith Gardens,49-53 Hazelwood Road Traralgon 3844 VIC Australia,Traralgon
mecwacare O'Mara House,15 Hunter Road Traralgon 3844 VIC Australia,Traralgon
Bupa Traralgon,96 Park Lane Traralgon 3844 VIC Australia,Traralgon
Traralgon Aged Care,69 Liddiard Road Traralgon 3844 VIC Australia,Traralgon
Margery Cole Residential Care Service,Matthews Crescent Traralgon 3844 VIC Australia,Traralgon
Latrobe Regional Hospital Nursing Home,40 Village Avenue Traralgon 3844 VIC Australia,Traralgon
Wilson Lodge,155 Guthridge Parade Sale 3850 VIC Australia,Sale
Ashleigh House Hostel,20-24 Bergen Crescent Sale 3850 VIC Australia,Sale
Royal Freemasons Sale,28 Surkitt Boulevard Sale 3850 VIC Australia,Sale
Opal Sale,12-14 Sale-maffra Road Sale 3850 VIC Australia,Sale
Laurina Lodge Hostel,1 Eleanor Street Heyfield 3858 VIC Australia,Heyfield
Stretton Park Hostel,George Street Maffra 3860 VIC Australia,Maffra
J.H.F. McDonald Wing Nursing Home,48 Kent Street Maffra 3860 VIC Australia,Maffra
Strzelecki House,27 Giles Street Mirboo North 3871 VIC Australia,Mirboo North
Bairnsdale Regional Health Service ( Maddocks Gardens),125 Mckean Street Bairnsdale 3875 VIC Australia,Bairnsdale
Sutherland Lodge,121 Mckean Street Bairnsdale 3875 VIC Australia,Bairnsdale
Bupa Eastwood,55 Timbarra Drive Bairnsdale 3875 VIC Australia,Bairnsdale
Opal Bairnsdale,79 Harnham Drive Bairnsdale 3875 VIC Australia,Bairnsdale
Opal Paynesville,3-5 Fort King Road Paynesville 3880 VIC Australia,Paynesville
"ORH -Residential Aged Care - Waratah Lodge (high care), Lochiel House (low care), respite care & TCP",104 Boundary Road Orbost 3888 VIC Australia,Orbost
Omeo District Health,9 Easton Street Omeo 3898 VIC Australia,Omeo
Opal Lakeview,35a Lakeview Drive Lakes Entrance 3909 VIC Australia,Lakes Entrance
Lakes Entrance Aged Care Facility,23 Alexandra Avenue Kalimna 3909 VIC Australia,Kalimna
Opal Somerville,22 Graf Road Somerville 3912 VIC Australia,Somerville
The Bays Aged Care,86 Victoria Street Hastings 3915 VIC Australia,Hastings
mecwacare Annie's Court,3905 Frankston-flinders Road Shoreham 3916 VIC Australia,Shoreham
Banfields Aged Care,192 Thompson Avenue Cowes 3922 VIC Australia,Cowes
Melaleuca Aged Care,1 Watchorn Road Cowes 3922 VIC Australia,Cowes
BlueCross Grossard Court,1a Leslie Avenue Cowes 3922 VIC Australia,Cowes
Griffiths Point Lodge Hostel,Davis Point Road San Remo 3925 VIC Australia,San Remo
Ranelagh Gardens,1 St Johns Lane Mount Eliza 3930 VIC Australia,Mount Eliza
George Vowell,1 Cobb Road Mount Eliza 3930 VIC Australia,Mount Eliza
Village Glen Aged Care Residences - Mornington, Mornington 3931 VIC Australia,Mornington
Australian Unity Peninsula Grange Aged Care,2 Booker Avenue Mornington 3931 VIC Australia,Mornington
mecwacare Park Hill,160 Mornington-tyabb Road Mornington 3931 VIC Australia,Mornington
Andrew Kerr Care Ltd - Residential,67-69 Tanti Avenue Mornington 3931 VIC Australia,Mornington
Australian Unity Racecourse Grange Aged Care,428-430 Racecourse Road Mornington 3931 VIC Australia,Mornington
Benetas Corowa Court,752 Esplanade Mornington 3931 VIC Australia,Mornington
Bentons Lodge - Residential Aged Service,197 Bentons Road Mornington 3931 VIC Australia,Mornington
Opal By The Bay,185 Racecourse Road Mount Martha 3934 VIC Australia,Mount Martha
CraigCare Mornington,688 Nepean Highway Mount Martha 3934 VIC Australia,Mount Martha
Royal Freemasons Mount Martha Valley,130 Country Club Drive Safety Beach 3936 VIC Australia,Safety Beach
mecwacare Calwell Manor,111 Country Club Drive Safety Beach 3936 VIC Australia,Safety Beach
Rosebrook Aged Care,441 Waterfall Gully Road Rosebud 3939 VIC Australia,Rosebud
Mercy Place Rosebud,1497 Point Nepean Road Rosebud 3939 VIC Australia,Rosebud
Carinya Nursing Home (Frankston Extended Care),34a Balaka Street Capel Sound 3940 VIC Australia,Capel Sound
Village Glen Aged Care Residences - Capel Sound,34a Balaka Street Rosebud West 3940 VIC Australia,Rosebud West
Capel Sands,8-16 Capel Avenue Capel Sound 3940 VIC Australia,Capel Sound
Regis Rosebud,1 Wyuna Street Capel Sound 3940 VIC Australia,Capel Sound
Rye Sands,36-40 Weir Street Rye 3941 VIC Australia,Rye
Alchera House,75 Bridge Street Korumburra 3950 VIC Australia,Korumburra
Carinya Lodge Homes,1 Carinya Crescent Korumburra 3950 VIC Australia,Korumburra
Woorayl Lodge Inc,71-73 Mccartin Street Leongatha 3953 VIC Australia,Leongatha
Koorooman House Nursing Home,23 Sloan Avenue Leongatha 3953 VIC Australia,Leongatha
Prom Country House,9 O'connell Road Foster 3960 VIC Australia,Foster
Crossley House Hostel Inc,14 Nicol Street Yarram 3971 VIC Australia,Yarram
St Elmo's Nursing Home,85 Commercial Road Yarram 3971 VIC Australia,Yarram
Mercy Place Lynbrook,500 Evans Road Lynbrook 3975 VIC Australia,Lynbrook
Lynbrook Park Aged Care,42 Olive Road Lynbrook 3975 VIC Australia,Lynbrook
Regis Cranbourne,18 Sherwood Road Junction Village 3977 VIC Australia,Junction Village
Lifeview Willow Wood,135 Duff Street Cranbourne 3977 VIC Australia,Cranbourne
Homestyle Langford Grange,105 Berwick-cranbourne Road Cranbourne East 3977 VIC Australia,Cranbourne East
Koo Wee Rup Regional Health Service Killara Hostel-,Rossiter Road Koo Wee Rup 3981 VIC Australia,Koo Wee Rup
Koo Wee Rup Regional Health Service Social Work,235 Rossiter Road Koo Wee Rup 3981 VIC Australia,Koo Wee Rup
Rose Lodge,225-233 Graham Street Wonthaggi 3995 VIC Australia,Wonthaggi
Kirrak House,1 Ballieu Street  West Wonthaggi 3995 VIC Australia,Wonthaggi
Opal Seahaven,119 Cashin Street Inverloch 3996 VIC Australia,Inverloch
